1,7:00
1,7:25
1,8:45
1,9:00
1,9:55
1,11:00
1,12:45
1,13:25
1,13:40
1,13:55
1,15:00
1,17:35
1,17:55
1,19:55
2,5:49
2,6:09
2,7:39
2,8:54
2,9:49
2,11:29
2,12:29
2,12:49
2,14:04
2,16:44
2,17:59
3,8:20
3,10:10
3,11:15
3,12:20
3,14:00
3,15:20
3,16:35
3,17:55
3,18:55
3,20:05
4,6:10
4,7:20
4,8:50
4,9:55
4,11:20
4,12:50
4,14:05
4,15:20
4,16:20
4,17:50
5,13:55
6,8:15
7,12:00
7,19:00
8,7:45
8,14:15
9,5:55
9,6:10
9,6:20
9,6:45
9,7:00
9,7:15
9,7:30
9,7:50
9,8:06
9,8:20
9,8:40
9,9:00
9,9:17
9,9:27
9,9:40
9,10:15
9,10:40
9,11:00
9,11:20
9,11:30
9,11:42
9,12:00
9,12:12
9,12:24
9,12:40
9,12:57
9,13:19
9,13:35
9,13:50
9,14:10
9,14:28
9,14:40
9,15:00
9,15:15
9,15:35
9,15:45
9,15:55
9,16:15
9,16:32
9,16:58
9,17:15
9,17:35
9,17:55
9,18:12
9,18:30
9,18:55
9,19:20
9,20:10
9,21:15
10,4:39
10,4:55
10,5:06
10,5:14
10,5:30
10,5:50
10,6:06
10,6:22
10,6:33
10,6:40
10,6:55
10,7:20
10,7:30
10,7:50
10,8:05
10,8:25
10,8:47
10,9:15
10,9:30
10,9:50
10,10:00
10,10:10
10,10:20
10,10:30
10,10:52
10,11:09
10,11:26
10,11:38
10,12:05
10,12:24
10,12:45
10,12:55
10,13:08
10,13:17
10,13:33
10,14:05
10,14:19
10,14:38
10,14:55
10,15:15
10,15:35
10,15:50
10,16:10
10,16:30
10,17:00
10,17:33
10,18:00
10,18:20
10,19:20
11,6:10
11,6:35
11,9:40
11,13:50
11,15:55
11,19:10
11,22:10
12,5:20
12,8:10
12,10:00
12,14:25
12,17:05
12,20:30
13,5:20
13,6:05
13,7:25
13,8:15
13,8:50
13,9:50
13,10:05
13,10:50
13,11:15
13,12:25
13,13:15
13,13:35
13,14:40
13,15:15
13,15:45
13,16:05
13,16:55
13,17:15
13,17:45
13,18:45
13,19:25
13,20:00
13,21:00
14,5:20
14,5:35
14,6:15
14,6:30
14,6:55
14,7:30
14,8:05
14,8:59
14,9:55
14,10:58
14,12:05
14,12:39
14,13:40
14,14:34
14,15:45
14,16:40
14,17:40
14,19:17
14,20:05
15,5:30
15,7:55
15,10:20
15,12:55
15,15:10
15,18:15
15,20:15
15,22:15
16,4:30
16,6:40
16,9:10
16,11:25
16,13:50
16,16:05
16,19:10
16,21:10
17,13:55
18,8:05
19,5:30
19,6:10
19,7:40
19,8:40
19,9:30
19,12:40
19,13:55
19,14:55
19,16:00
19,17:35
19,18:20
19,20:10
20,4:20
20,5:00
20,6:30
20,7:15
20,8:30
20,9:35
20,11:30
20,13:40
20,15:00
20,16:00
20,17:10
20,18:30
21,6:20
21,8:05
21,8:40
21,9:40
21,11:10
21,12:00
21,12:30
21,13:30
21,14:45
21,16:15
21,16:55
21,19:05
22,6:12
22,6:57
22,8:47
22,10:37
22,11:27
22,12:42
22,14:12
22,15:27
22,15:57
22,16:37
22,17:37
22,19:12
23,9:50
23,14:00
23,15:15
23,16:55
23,19:55
24,6:05
24,8:45
24,10:25
24,12:45
24,15:35
25,5:20
25,6:05
25,7:25
25,8:15
25,8:50
25,9:50
25,10:05
25,10:50
25,11:15
25,12:25
25,13:15
25,13:35
25,14:40
25,15:15
25,15:45
25,16:05
25,16:55
25,17:15
25,17:45
25,18:45
25,19:25
25,20:00
25,21:00
26,5:09
26,6:04
26,6:29
26,7:04
26,7:39
26,8:33
26,8:49
26,9:29
26,10:54
26,11:39
26,12:13
26,13:14
26,14:33
26,15:19
26,16:14
26,17:14
26,17:58
26,18:49
26,19:39
27,12:05
27,14:00
27,16:00
27,19:05
28,7:15
28,10:15
28,16:35
29,5:50
29,6:40
29,7:10
29,7:30
29,8:10
29,9:00
29,9:40
29,10:10
29,10:30
29,11:00
29,12:00
29,12:30
29,13:40
29,14:10
29,14:40
29,15:20
29,15:50
29,16:20
29,16:45
29,17:10
29,17:40
29,18:20
29,19:00
29,19:30
29,20:00
29,20:30
29,21:20
30,4:35
30,5:20
30,5:50
30,6:10
30,6:40
30,7:10
30,7:30
30,8:00
30,8:40
30,9:00
30,9:30
30,10:30
30,11:00
30,11:50
30,12:40
30,13:10
30,13:30
30,13:50
30,14:20
30,15:20
30,15:40
30,16:10
30,17:00
30,17:40
30,18:10
30,18:40
30,19:10
30,20:00
31,8:25
31,13:10
31,18:00
32,6:45
32,10:40
32,15:55
33,5:40
33,6:25
33,8:15
33,9:58
33,10:25
33,12:35
33,13:30
33,15:25
33,16:25
33,16:50
33,17:25
33,18:45
33,19:35
33,22:10
34,4:00
34,4:48
34,5:20
34,5:45
34,6:25
34,7:05
34,7:50
34,10:00
34,11:33
34,12:05
34,14:10
34,17:10
34,19:10
35,7:30
35,9:35
35,11:40
35,14:00
35,16:10
35,18:20
35,20:40
36,6:34
36,8:34
36,10:54
36,13:04
36,15:24
36,17:29
36,19:44
37,5:40
37,6:10
37,6:45
37,7:55
37,8:25
37,9:10
37,10:10
37,11:20
37,12:10
37,13:00
37,13:45
37,14:15
37,14:50
37,15:20
37,15:55
37,16:30
37,17:05
37,18:15
37,19:15
37,21:10
38,4:40
38,5:05
38,5:30
38,6:15
38,6:45
38,7:05
38,7:50
38,8:55
38,10:05
38,11:05
38,11:50
38,12:25
38,13:25
38,14:10
38,14:50
38,15:25
38,16:00
38,17:10
38,17:50
38,20:15
39,9:50
39,14:00
39,15:15
39,16:55
39,19:55
40,5:30
40,8:10
40,9:50
40,12:10
40,15:00
41,11:00
41,15:55
42,5:45
42,10:30
43,9:10
43,11:05
43,15:10
43,19:05
44,6:00
44,8:00
44,12:00
44,16:00
45,5:30
45,6:35
45,7:45
45,8:05
45,9:20
45,11:05
45,11:35
45,13:00
45,14:10
45,16:05
45,17:05
45,18:00
45,18:45
45,19:05
46,5:02
46,5:42
46,6:07
46,7:07
46,9:07
46,10:47
46,11:17
46,12:27
46,13:57
46,15:07
46,16:07
46,17:02
46,19:42
47,6:00
47,6:30
47,7:20
47,8:30
47,9:15
47,9:55
47,10:45
47,11:55
47,12:30
47,12:55
47,13:40
47,14:25
47,15:05
47,15:40
47,16:15
47,17:00
47,17:30
47,17:55
47,18:50
47,19:45
48,4:15
48,5:00
48,5:30
48,6:20
48,6:30
48,7:00
48,7:25
48,7:55
48,9:00
48,10:25
48,10:55
48,12:05
48,12:50
48,13:25
48,14:10
48,15:00
48,15:20
48,15:45
48,16:30
48,17:50
49,8:20
49,10:10
49,11:15
49,12:20
49,14:00
49,15:20
49,16:35
49,17:55
49,18:55
49,20:05
50,6:50
50,8:00
50,9:30
50,10:35
50,12:00
50,13:30
50,14:45
50,16:00
50,17:00
50,18:30
51,7:25
51,12:10
51,14:35
51,17:35
52,5:18
52,8:43
52,11:08
52,15:03
53,8:20
53,10:10
53,11:15
53,12:20
53,14:00
53,15:20
53,16:35
53,17:55
53,18:55
53,20:05
54,5:50
54,7:00
54,8:30
54,9:35
54,11:00
54,12:30
54,13:45
54,15:00
54,16:00
54,17:30
55,7:00
56,4:50
57,6:37
57,7:11
57,10:56
57,12:11
57,15:02
57,16:15
58,5:12
58,5:44
58,8:05
58,10:10
58,13:19
58,14:47
59,6:50
59,8:45
59,10:05
60,11:19
60,15:09
61,6:45
61,9:00
61,11:15
61,13:35
61,15:30
61,19:50
62,5:30
62,7:35
62,9:55
62,12:05
62,17:00
62,17:45
63,8:10
63,10:20
63,11:55
63,14:05
63,16:25
63,18:15
64,4:35
64,6:55
64,8:40
64,10:35
64,12:55
64,16:20
65,5:55
65,8:35
65,9:05
65,11:35
65,12:05
65,14:35
65,15:05
65,18:05
65,22:15
66,5:04
66,7:24
66,7:54
66,10:24
66,10:54
66,13:24
66,13:54
66,16:54
66,20:39
67,6:20
67,8:05
67,8:40
67,9:40
67,11:10
67,12:00
67,12:30
67,13:30
67,14:45
67,16:15
67,16:55
67,19:05
68,5:59
68,6:44
68,8:34
68,10:24
68,11:14
68,12:29
68,13:59
68,15:14
68,15:44
68,16:24
68,17:24
68,18:59
69,6:10
69,6:25
69,7:05
69,8:30
69,8:55
69,9:45
69,10:35
69,11:15
69,12:00
69,12:40
69,13:10
69,13:50
69,14:20
69,14:40
69,15:05
69,15:55
69,16:30
69,16:55
69,17:50
69,18:25
69,18:55
69,19:20
69,20:00
70,4:00
70,4:25
70,4:55
70,5:25
70,5:45
70,6:15
70,6:30
70,6:55
70,7:40
70,8:55
70,9:45
70,10:30
70,11:00
70,11:35
70,12:25
70,13:35
70,14:50
70,16:10
70,16:45
70,17:50
71,8:30
71,11:30
71,15:35
71,18:30
72,6:40
72,9:10
72,12:40
72,15:40
73,6:10
73,6:25
73,7:05
73,8:30
73,8:55
73,9:45
73,10:35
73,11:15
73,12:00
73,12:40
73,13:10
73,13:50
73,14:20
73,14:40
73,15:05
73,15:55
73,16:30
73,16:55
73,17:50
73,18:25
73,18:55
73,19:20
73,20:00
74,4:50
74,5:15
74,5:45
74,6:15
74,7:20
74,8:00
74,8:30
74,9:45
74,11:20
74,11:50
74,12:25
74,13:15
74,14:25
74,15:40
74,17:00
74,18:40
75,6:15
75,6:40
75,8:05
75,9:15
75,9:45
75,10:30
75,11:15
75,12:00
75,12:45
75,13:45
75,14:15
75,15:00
75,16:00
75,16:30
75,17:15
75,18:10
75,19:05
75,19:45
76,4:07
76,4:37
76,5:52
76,6:37
76,7:07
76,7:37
76,8:07
76,8:37
76,9:57
76,10:22
76,11:22
76,12:07
76,12:52
76,13:37
76,14:07
76,14:37
76,15:07
76,17:07
77,5:25
77,5:45
77,6:25
77,7:10
77,8:00
77,9:00
77,9:40
77,10:40
77,11:20
77,12:00
77,12:50
77,13:30
77,14:00
77,14:30
77,15:00
77,15:45
77,16:50
77,17:55
77,18:40
77,19:20
77,20:35
77,21:35
77,22:35
78,5:03
78,5:23
78,5:48
78,6:18
78,7:08
78,7:53
78,8:53
78,9:28
78,10:18
78,11:18
78,12:08
78,12:48
78,13:23
78,13:50
78,14:18
78,14:58
78,15:58
78,17:13
78,17:58
78,18:48
78,20:03
78,21:08
78,22:13
79,7:35
79,10:20
79,13:10
79,14:15
79,16:25
79,17:10
79,19:05
79,20:05
79,22:10
80,6:05
80,7:35
80,11:50
80,13:00
80,15:05
80,17:45
80,18:55
80,21:10
81,6:45
81,9:00
81,11:15
81,13:35
81,15:30
81,19:50
82,6:25
82,8:30
82,10:50
82,13:00
82,17:55
82,18:40
83,5:39
83,6:48
83,7:38
83,8:13
83,8:55
83,9:38
83,10:28
83,11:03
83,11:52
83,12:35
83,13:10
83,14:00
83,14:35
83,15:25
83,16:00
83,16:50
83,17:25
83,18:15
83,18:50
83,19:33
83,21:15
84,4:40
84,5:34
84,6:10
84,6:45
84,7:25
84,8:10
84,9:00
84,9:35
84,10:24
84,11:00
84,11:50
84,12:25
84,13:14
84,14:11
84,14:32
84,15:22
84,15:57
84,17:01
84,17:22
84,18:12
84,20:00
85,5:55
85,6:20
85,7:36
85,9:30
85,10:55
85,12:55
85,13:55
85,14:20
85,15:12
85,15:36
85,16:20
85,17:10
85,18:00
85,19:20
85,21:20
85,22:15
86,4:25
86,4:40
86,5:20
86,6:24
86,6:35
86,7:30
86,8:15
86,9:30
86,11:35
86,12:35
86,14:45
86,15:25
86,16:00
86,16:50
86,17:50
86,18:45
86,20:30
87,5:20
87,6:05
87,7:25
87,8:15
87,8:50
87,9:50
87,10:05
87,10:50
87,11:15
87,12:25
87,13:15
87,13:35
87,14:40
87,15:15
87,15:45
87,16:05
87,16:55
87,17:15
87,17:45
87,18:45
87,19:25
87,20:00
87,21:00
88,4:15
88,4:30
88,5:10
88,5:50
88,6:25
88,7:00
88,7:30
88,8:30
88,8:50
88,9:15
88,10:10
88,11:00
88,12:35
88,13:10
88,13:30
88,14:40
88,15:05
88,15:35
88,16:00
88,16:35
88,18:10
88,19:00
89,5:50
89,8:30
89,9:00
89,10:05
89,11:05
89,11:50
89,12:20
89,13:05
89,15:35
89,16:00
89,16:30
89,17:05
89,17:50
89,19:10
89,19:55
89,20:30
90,5:05
90,6:05
90,7:40
90,8:15
90,8:55
90,9:35
90,10:35
90,12:55
90,14:10
90,15:25
90,15:55
90,16:30
90,17:25
90,19:45
91,6:00
91,8:00
91,10:40
91,13:40
91,15:20
91,17:15
92,9:35
92,12:45
92,14:20
92,16:20
92,18:20
93,14:15
93,19:15
94,12:37
94,18:07
95,6:18
95,8:48
95,11:45
95,13:58
96,4:50
96,7:30
96,10:10
96,12:40
97,6:20
97,8:05
97,8:40
97,9:40
97,11:10
97,12:00
97,12:30
97,13:30
97,14:45
97,16:15
97,16:55
97,19:05
98,5:45
98,6:30
98,8:20
98,10:10
98,11:00
98,12:15
98,13:45
98,15:00
98,15:30
98,16:10
98,17:10
98,18:45
99,7:15
99,8:50
99,10:25
99,12:00
99,13:00
99,14:15
99,15:00
99,16:25
99,18:15
100,5:48
100,6:58
100,8:28
100,10:08
100,11:28
100,11:58
100,13:18
100,14:28
100,16:48
101,7:30
101,13:30
101,16:20
102,6:31
102,12:31
102,15:21
102,18:31
103,13:35
104,5:00
105,5:25
105,6:05
105,6:25
105,7:02
105,7:21
105,7:54
105,8:06
105,8:35
105,9:08
105,10:15
105,10:43
105,11:13
105,11:24
105,11:38
105,12:25
105,12:36
105,13:18
105,13:45
105,13:55
105,14:15
105,14:37
105,15:12
105,15:43
105,16:03
105,16:40
105,17:29
105,18:30
105,19:30
105,21:00
105,22:05
106,4:15
106,5:05
106,5:30
106,6:02
106,6:30
106,6:53
106,7:06
106,7:35
106,8:00
106,9:02
106,9:18
106,9:45
106,10:00
106,10:33
106,11:00
106,11:20
106,12:10
106,12:23
106,12:50
106,13:08
106,13:19
106,13:59
106,14:33
106,15:08
106,15:40
106,16:20
106,17:28
106,18:30
106,20:10
106,21:10
107,5:55
107,7:00
107,8:15
107,9:05
107,10:00
107,10:55
107,12:45
107,13:45
107,14:40
107,15:30
107,16:55
107,17:40
107,19:00
107,20:00
108,4:15
108,4:50
108,6:10
108,7:00
108,7:30
108,9:15
108,10:20
108,11:50
108,12:20
108,13:15
108,14:40
108,16:00
108,18:00
109,5:35
109,6:40
109,7:45
109,10:48
109,14:35
109,16:10
109,18:55
110,5:00
110,9:30
110,12:25
110,16:55
111,5:15
111,6:30
111,8:30
111,10:00
111,11:30
111,14:50
111,16:15
111,17:35
111,20:05
112,4:05
112,5:25
112,6:15
112,7:35
112,10:10
112,12:30
112,14:35
112,16:00
112,18:50
113,15:20
114,4:10
115,13:35
116,5:11
116,9:36
116,18:21
117,5:30
117,6:10
117,6:55
117,7:10
117,7:30
117,8:35
117,8:50
117,10:15
117,10:35
117,11:40
117,12:05
117,13:10
117,13:40
117,14:05
117,15:00
117,15:14
117,15:25
117,16:10
117,16:25
117,16:40
117,17:40
117,18:05
117,18:20
117,19:35
117,20:00
117,22:10
118,4:49
118,5:19
118,5:34
118,6:34
118,7:21
118,7:49
118,9:09
118,10:29
118,10:49
118,12:29
118,12:49
118,13:44
118,14:04
118,15:24
118,15:44
118,16:39
118,16:49
118,17:04
118,18:04
118,18:54
118,21:04
119,5:35
119,6:00
119,6:38
119,7:00
119,8:00
119,8:25
119,8:45
119,9:10
119,9:40
119,10:15
119,10:50
119,12:35
119,12:45
119,13:25
119,13:50
119,14:30
119,15:00
119,15:35
119,15:55
119,16:35
119,17:40
119,18:25
119,18:50
119,19:20
120,4:55
120,5:20
120,5:40
120,6:00
120,6:55
120,7:25
120,7:45
120,8:20
120,8:45
120,9:17
120,9:55
120,10:45
120,11:05
120,11:40
120,12:32
120,12:47
120,13:15
120,13:55
120,14:30
120,14:40
120,15:45
120,16:12
120,17:00
120,17:45
120,18:10
121,6:05
121,6:45
121,8:30
121,9:25
121,10:00
121,11:00
121,11:40
121,12:30
121,13:45
121,14:45
121,15:20
121,16:05
121,17:30
121,18:20
121,19:40
122,5:08
122,5:51
122,7:16
122,8:16
122,8:51
122,9:36
122,10:31
122,11:31
122,12:49
122,13:46
122,14:21
122,15:06
122,16:26
122,17:21
122,18:50
123,5:35
123,6:00
123,6:38
123,7:00
123,8:00
123,8:25
123,8:45
123,9:10
123,9:40
123,10:15
123,10:50
123,12:35
123,12:45
123,13:25
123,13:50
123,14:30
123,15:00
123,15:35
123,15:55
123,16:35
123,17:40
123,18:25
123,18:50
123,19:20
124,4:20
124,4:45
124,5:00
124,5:22
124,6:20
124,6:45
124,7:10
124,7:45
124,8:15
124,8:40
124,9:20
124,10:05
124,10:30
124,11:00
124,11:55
124,12:10
124,12:40
124,13:30
124,13:50
124,14:05
124,15:10
124,15:35
124,16:25
124,17:05
124,17:35
125,13:35
126,5:26
127,6:15
127,6:40
127,8:05
127,9:15
127,9:45
127,10:30
127,11:15
127,12:00
127,12:45
127,13:45
127,14:15
127,15:00
127,16:00
127,16:30
127,17:15
127,18:10
127,19:05
127,19:45
128,4:19
128,4:49
128,6:04
128,6:49
128,7:19
128,7:49
128,8:19
128,8:49
128,10:09
128,10:34
128,11:34
128,12:19
128,13:04
128,13:49
128,14:19
128,14:49
128,15:19
128,17:19
129,5:25
129,6:25
129,7:35
129,10:25
129,12:15
129,13:55
129,14:55
129,15:15
129,16:15
129,16:55
129,17:55
129,19:00
130,4:40
130,5:15
130,5:55
130,6:25
130,7:05
130,7:45
130,8:45
130,9:30
130,11:25
130,12:30
130,13:30
130,14:05
130,14:35
130,15:15
130,16:20
130,17:25
131,6:45
131,9:00
131,11:15
131,13:35
131,15:30
131,19:50
132,5:15
132,7:20
132,9:40
132,11:50
132,16:45
132,17:30
133,12:05
133,14:00
133,16:00
133,19:05
134,6:55
134,9:55
134,16:15
135,5:35
135,6:40
135,7:45
135,10:48
135,14:35
135,16:10
135,17:20
135,18:55
136,4:45
136,6:05
136,7:05
136,8:05
136,9:15
136,12:15
136,16:45
136,18:30
137,14:30
138,6:50
139,6:00
139,6:30
139,7:20
139,8:30
139,9:15
139,9:55
139,10:45
139,11:55
139,12:30
139,12:55
139,13:40
139,14:25
139,15:05
139,15:40
139,16:15
139,17:00
139,17:30
139,17:55
139,18:50
139,19:45
140,4:38
140,5:14
140,5:44
140,6:44
140,7:19
140,7:38
140,8:08
140,10:38
140,12:29
140,12:58
140,13:29
140,14:24
140,14:53
140,15:14
140,16:04
140,16:58
140,17:54
141,6:50
141,10:05
141,13:05
141,16:03
142,5:38
142,8:31
142,11:53
142,14:38
143,12:00
143,19:00
144,8:30
144,15:00
145,5:30
145,6:35
145,7:45
145,8:05
145,9:20
145,11:05
145,11:35
145,13:00
145,14:10
145,16:05
145,17:05
145,18:00
145,18:45
145,19:05
146,4:49
146,5:29
146,5:54
146,6:54
146,8:54
146,10:34
146,11:04
146,12:14
146,13:44
146,14:54
146,15:54
146,16:49
146,19:29
147,5:10
147,5:30
147,5:45
147,6:05
147,6:20
147,6:30
147,6:40
147,7:00
147,7:10
147,7:30
147,7:45
147,8:10
147,8:40
147,8:55
147,9:05
147,9:20
147,9:40
147,10:05
147,10:30
147,10:50
147,11:00
147,11:10
147,11:25
147,11:40
147,11:50
147,12:00
147,12:15
147,12:45
147,13:05
147,13:20
147,13:35
147,13:50
147,14:15
147,14:30
147,14:50
147,15:00
147,15:15
147,15:30
147,15:50
147,16:00
147,16:10
147,16:25
147,16:50
147,17:05
147,17:25
147,17:45
147,18:15
147,18:40
147,19:35
147,19:55
147,20:45
147,21:05
147,21:40
147,22:20
148,4:00
148,4:15
148,4:30
148,4:50
148,5:00
148,5:10
148,5:25
148,5:35
148,5:45
148,5:55
148,6:05
148,6:18
148,6:30
148,6:40
148,7:00
148,7:15
148,7:25
148,7:35
148,8:00
148,8:15
148,8:50
148,9:05
148,9:15
148,9:30
148,9:45
148,10:00
148,10:15
148,10:45
148,11:00
148,11:15
148,11:35
148,12:00
148,12:15
148,12:25
148,12:50
148,13:30
148,13:40
148,14:00
148,14:18
148,14:30
148,14:40
148,15:00
148,15:20
148,15:45
148,16:00
148,16:20
148,16:35
148,17:25
148,18:00
148,18:50
148,19:20
148,20:10
148,20:40
149,5:20
149,5:55
149,6:15
149,7:05
149,7:25
149,7:45
149,8:25
149,9:15
149,10:00
149,10:40
149,11:30
149,12:00
149,13:00
149,13:30
149,14:00
149,14:40
149,15:15
149,15:45
149,16:10
149,17:10
149,17:30
149,18:15
149,19:05
149,20:00
150,5:15
150,5:40
150,6:10
150,6:40
150,7:05
150,7:45
150,8:25
150,8:50
150,9:15
150,10:00
150,10:45
150,11:20
150,12:20
150,13:10
150,13:50
150,14:30
150,15:00
150,15:25
150,16:10
150,16:40
150,17:10
150,18:15
150,19:15
151,6:10
151,6:50
151,8:15
151,10:10
151,13:31
151,13:50
151,15:10
151,16:30
151,19:05
151,22:10
152,4:30
152,5:00
152,6:30
152,7:15
152,8:05
152,9:45
152,10:45
152,12:20
152,15:40
152,17:00
152,20:30
153,14:30
154,7:05
155,6:45
155,8:10
155,9:45
155,11:15
155,12:55
155,14:30
155,14:50
155,16:00
155,17:10
155,17:30
155,18:50
155,19:10
155,21:00
155,21:30
156,5:20
156,5:35
156,6:40
156,8:00
156,9:40
156,11:40
156,12:55
156,14:00
156,14:25
156,16:00
156,16:45
156,17:15
156,19:00
156,19:32
157,12:35
158,7:05
159,9:50
159,14:00
159,15:15
159,16:55
159,19:55
160,6:24
160,9:04
160,10:44
160,13:04
160,15:54
161,5:50
161,8:30
161,9:00
161,10:05
161,11:05
161,11:50
161,12:20
161,13:05
161,15:35
161,16:00
161,16:30
161,17:05
161,17:50
161,19:10
161,19:55
161,20:30
162,4:30
162,5:30
162,6:45
162,7:10
162,8:15
162,9:00
162,10:00
162,12:00
162,12:20
162,13:05
162,13:35
162,14:50
162,15:20
162,15:55
162,16:45
162,19:10
163,8:15
163,12:15
163,16:25
164,6:18
164,10:48
164,15:03
165,7:10
165,17:40
166,14:50
167,6:10
167,6:25
167,7:05
167,8:30
167,8:55
167,9:45
167,10:35
167,11:15
167,12:00
167,12:40
167,13:10
167,13:50
167,14:20
167,14:40
167,15:05
167,15:55
167,16:30
167,16:55
167,17:50
167,18:25
167,18:55
167,19:20
167,20:00
168,4:25
168,4:50
168,5:20
168,5:50
168,6:55
168,7:35
168,8:05
168,9:20
168,10:55
168,11:25
168,12:00
168,12:50
168,14:00
168,15:15
168,16:35
168,18:15
169,16:00
170,18:30
171,7:20
171,10:20
172,16:00
172,18:00
173,19:00
174,5:15
175,23:50
176,23:30
177,8:15
178,18:10
179,14:50
179,23:55
180,5:40
180,20:00
181,19:00
182,21:15
183,19:00
184,2:25
185,7:30
185,16:30
186,8:00
186,16:30
187,5:00
187,5:15
187,5:35
187,6:05
187,6:20
187,6:35
187,6:50
187,7:05
187,7:20
187,7:35
187,7:50
187,8:05
187,8:20
187,8:35
187,8:50
187,9:05
187,9:20
187,9:35
187,9:50
187,10:05
187,10:20
187,10:35
187,11:05
187,11:20
187,11:35
187,11:50
187,12:20
187,12:35
187,12:50
187,13:05
187,13:20
187,13:35
187,13:50
187,14:05
187,14:20
187,14:35
187,14:50
187,15:05
187,15:20
187,15:35
187,15:50
187,16:05
187,16:20
187,16:35
187,16:50
187,17:05
187,17:30
187,18:30
187,19:45
187,20:45
187,22:05
188,5:10
188,5:25
188,6:05
188,6:20
188,6:35
188,6:50
188,7:05
188,7:20
188,7:35
188,7:50
188,8:05
188,8:20
188,8:35
188,8:50
188,9:05
188,9:20
188,9:35
188,9:50
188,10:05
188,10:20
188,10:35
188,10:50
188,11:05
188,11:35
188,11:50
188,12:05
188,12:20
188,12:50
188,13:05
188,13:20
188,13:35
188,13:50
188,14:05
188,14:20
188,14:35
188,14:50
188,15:05
188,15:20
188,15:35
188,15:50
188,16:05
188,16:20
188,16:35
188,16:50
188,17:05
188,17:35
188,18:00
188,19:15
188,20:15
188,21:05
188,22:25
189,5:05
189,5:20
189,6:10
189,6:30
189,6:55
189,8:00
189,8:15
189,8:50
189,9:05
189,10:05
189,10:30
189,11:05
189,12:00
189,12:30
189,13:15
189,13:55
189,14:30
189,15:05
189,15:30
189,16:25
189,17:00
189,17:15
189,19:25
189,21:05
189,22:20
190,4:05
190,5:15
190,5:55
190,6:35
190,7:15
190,7:55
190,9:05
190,9:20
190,9:50
190,10:05
190,11:15
190,11:40
190,12:20
190,12:45
190,13:50
190,14:05
190,15:10
190,15:30
190,16:05
190,16:50
190,18:05
190,18:25
190,19:25
190,20:15
190,21:30
191,6:10
191,6:40
191,7:20
191,8:05
191,9:15
191,9:45
191,10:30
191,11:20
191,12:15
191,13:10
191,14:20
191,15:15
191,15:50
191,16:50
191,17:20
191,18:10
191,18:50
191,19:45
192,6:05
192,6:45
192,7:20
192,8:15
192,9:05
192,9:50
192,10:30
192,11:15
192,12:10
192,13:15
192,14:20
192,15:10
192,16:00
192,16:40
192,17:30
192,18:20
193,6:35
193,7:20
193,7:45
193,8:25
193,9:05
193,9:45
193,10:25
193,11:05
193,11:45
193,12:25
193,13:25
193,14:05
193,14:45
193,15:25
193,16:05
193,16:45
193,17:10
193,18:30
193,19:40
194,6:05
194,6:50
194,7:00
194,7:45
194,8:25
194,9:05
194,9:45
194,10:25
194,11:05
194,11:45
194,12:30
194,13:25
194,14:05
194,14:45
194,15:25
194,16:10
194,16:35
194,17:40
194,19:05
195,6:35
195,7:20
195,8:10
195,8:55
195,10:10
195,11:20
195,12:00
195,12:30
195,12:45
195,13:20
195,14:00
195,14:30
195,15:30
195,15:45
195,16:15
195,17:00
195,17:30
195,18:00
195,18:50
195,19:35
196,5:40
196,6:30
196,7:00
196,7:30
196,8:15
196,9:10
196,9:55
196,10:55
196,12:05
196,13:10
196,13:35
196,14:10
196,14:45
196,15:15
196,16:15
196,16:50
196,17:05
196,17:50
197,11:20
197,16:50
198,15:08
198,20:08
199,6:50
199,7:50
199,8:50
199,10:30
199,11:40
199,13:15
199,14:25
199,15:15
199,16:30
199,17:30
199,18:45
200,5:55
200,6:55
200,7:55
200,9:00
200,10:40
200,12:10
200,12:55
200,14:10
200,15:25
200,16:15
200,17:30
201,5:53
201,6:30
201,7:23
201,8:23
201,9:53
201,10:53
201,12:20
201,13:20
201,14:00
201,14:35
201,15:20
201,16:00
201,16:40
201,17:15
201,18:15
202,4:47
202,5:32
202,6:17
202,6:37
202,7:17
202,7:42
202,8:47
202,9:47
202,11:12
202,12:25
202,14:10
202,14:50
202,15:32
202,16:07
202,17:07
203,6:50
203,8:40
203,10:30
203,13:25
203,15:10
203,17:05
204,7:15
204,9:05
204,10:55
204,13:57
204,15:42
204,17:37
205,6:45
205,8:30
205,10:20
205,12:15
205,14:10
205,15:40
205,17:25
206,6:05
206,7:15
206,9:20
206,10:55
206,12:50
206,14:45
206,16:10
206,17:55
207,7:20
207,7:40
207,9:00
207,10:00
207,11:00
207,12:00
207,13:00
207,14:00
207,15:05
207,16:00
207,17:15
207,19:20
208,6:35
208,6:55
208,8:00
208,9:00
208,10:00
208,11:00
208,12:00
208,13:00
208,14:00
208,15:00
208,16:10
208,17:50
209,7:15
209,8:10
209,9:30
209,11:05
209,12:00
209,12:55
209,14:15
209,15:15
209,16:15
209,17:05
209,18:00
210,6:00
210,6:55
210,8:30
210,10:00
210,10:55
210,12:00
210,13:00
210,14:00
210,15:05
210,16:10
210,17:00
211,6:45
211,7:35
211,8:45
211,10:35
211,11:40
211,13:45
211,14:55
211,15:55
212,6:10
212,7:10
212,8:05
212,9:10
212,11:00
212,12:05
212,13:15
212,14:25
212,15:30
213,4:25
213,4:45
213,5:10
213,5:40
213,6:30
213,7:15
213,8:15
213,8:50
213,9:40
213,10:40
213,11:30
213,12:10
213,12:45
213,13:12
213,13:40
213,14:20
213,15:20
213,16:35
213,17:20
213,18:10
213,19:25
213,20:30
213,21:35
214,6:01
214,6:21
214,7:01
214,7:46
214,8:36
214,9:36
214,10:16
214,11:16
214,11:56
214,12:36
214,13:26
214,14:06
214,14:36
214,15:06
214,15:36
214,16:21
214,17:26
214,18:31
214,19:16
214,19:56
214,21:11
214,22:11
214,23:11
215,8:05
215,9:30
215,10:35
215,12:30
215,14:45
215,17:20
216,7:45
216,8:35
216,10:05
216,11:05
216,12:55
216,15:09
217,6:55
217,7:45
217,8:40
217,9:10
217,10:00
217,10:30
217,12:05
217,12:45
217,13:55
217,14:45
217,16:00
217,17:20
218,7:15
218,8:10
218,9:00
218,9:30
218,10:20
218,11:00
218,12:25
218,13:10
218,14:20
218,15:05
218,16:25
218,17:40
219,5:55
219,7:00
219,8:00
219,9:15
219,9:40
219,10:00
219,11:00
219,11:20
219,12:30
219,13:00
219,13:20
219,14:05
219,14:35
219,15:10
219,15:25
219,16:00
219,16:50
219,18:10
219,19:05
220,4:50
220,6:00
220,6:55
220,7:45
220,8:30
220,9:00
220,10:15
220,10:50
220,11:15
220,12:00
220,12:35
220,13:20
220,13:50
220,14:05
220,14:50
220,16:10
220,17:00
220,18:00
221,5:30
221,5:45
221,6:00
221,6:15
221,6:30
221,6:45
221,7:00
221,7:15
221,7:30
221,7:45
221,8:00
221,8:15
221,8:30
221,8:45
221,9:00
221,9:15
221,9:30
221,9:45
221,10:00
221,10:15
221,10:30
221,10:45
221,11:00
221,11:15
221,11:30
221,11:45
221,12:00
221,12:15
221,12:30
221,12:45
221,13:00
221,13:15
221,13:30
221,13:45
221,14:00
221,14:15
221,14:30
221,14:45
221,15:00
221,15:15
221,15:30
221,15:45
221,16:00
221,16:15
221,16:30
221,16:45
221,17:00
221,17:15
221,17:30
221,17:45
221,18:00
221,18:15
221,18:45
221,19:00
221,19:30
221,20:15
221,22:15
222,5:15
222,5:30
222,5:45
222,6:00
222,6:15
222,6:30
222,6:45
222,7:00
222,7:15
222,7:30
222,7:45
222,8:00
222,8:15
222,8:30
222,8:45
222,9:00
222,9:15
222,9:30
222,9:45
222,10:00
222,10:15
222,10:30
222,10:45
222,11:00
222,11:15
222,11:30
222,11:45
222,12:00
222,12:15
222,12:30
222,12:45
222,13:00
222,13:15
222,13:30
222,13:45
222,14:00
222,14:15
222,14:30
222,14:45
222,15:00
222,15:15
222,15:30
222,15:45
222,16:00
222,16:15
222,16:30
222,16:45
222,17:00
222,17:15
222,17:30
222,17:45
222,18:15
222,18:30
222,19:00
222,19:30
222,21:15
223,6:45
223,7:45
223,8:45
223,9:45
223,11:45
223,13:45
223,15:45
224,7:30
224,8:30
224,9:30
224,10:30
224,12:30
224,16:30
225,7:45
225,11:00
225,14:50
225,17:40
226,6:15
226,9:05
226,13:00
226,16:20
227,5:30
227,6:15
227,6:45
227,7:00
227,7:15
227,7:45
227,8:15
227,8:45
227,9:15
227,9:45
227,10:15
227,10:45
227,11:15
227,11:45
227,12:15
227,12:45
227,13:15
227,13:45
227,14:00
227,14:15
227,14:30
227,14:45
227,15:00
227,15:15
227,15:30
227,15:45
227,16:00
227,16:15
227,16:45
227,17:15
227,17:45
227,18:15
227,19:15
227,20:15
227,21:15
227,22:15
228,5:15
228,5:45
228,6:15
228,6:30
228,6:45
228,7:15
228,7:30
228,7:45
228,8:15
228,8:45
228,9:15
228,9:45
228,10:15
228,10:45
228,11:15
228,11:45
228,12:15
228,12:45
228,13:15
228,13:45
228,14:15
228,14:30
228,14:45
228,15:00
228,15:15
228,15:30
228,15:45
228,16:00
228,16:15
228,16:45
228,17:15
228,17:45
228,18:15
228,18:45
228,19:45
228,20:45
228,21:35
229,6:00
229,7:00
229,9:00
229,11:30
229,13:30
229,14:20
229,15:25
229,18:20
230,5:00
230,6:00
230,6:55
230,8:00
230,10:00
230,12:30
230,14:25
230,15:15
230,16:20
230,19:15
231,6:35
231,7:45
231,9:30
231,10:45
231,11:55
231,13:25
231,14:15
231,15:20
231,16:05
231,17:15
231,18:15
231,19:10
231,21:30
232,5:15
232,5:35
232,6:30
232,7:10
232,9:00
232,10:00
232,10:50
232,11:45
232,13:35
232,14:40
232,16:10
232,17:05
232,18:00
233,5:00
233,5:35
233,6:40
233,7:05
233,8:00
233,8:45
233,9:55
233,10:20
233,11:30
233,12:20
233,13:20
233,14:10
233,15:15
233,16:15
233,17:15
233,18:20
233,19:15
234,5:25
234,5:50
234,6:50
234,7:30
234,8:50
234,9:16
234,10:20
234,11:05
234,12:00
234,12:30
234,13:45
234,14:25
234,15:25
234,16:11
234,17:20
234,18:30
234,19:10
234,21:21
234,22:17
235,5:50
235,6:20
235,6:55
235,7:20
235,8:25
235,8:45
235,9:45
235,10:20
235,11:00
235,11:55
235,12:45
235,13:40
235,14:05
235,15:05
235,15:25
235,15:45
235,16:45
235,17:50
235,18:50
236,5:20
236,5:35
236,6:25
236,7:00
236,7:30
236,8:30
236,9:05
236,10:00
236,10:50
236,11:15
236,12:25
236,13:05
236,13:35
236,14:00
236,14:25
236,15:05
236,16:55
236,17:40
237,6:05
237,7:30
237,8:50
237,10:25
237,10:50
237,11:50
237,13:15
237,14:05
237,15:35
237,16:40
237,17:40
237,18:30
237,19:25
237,23:00
238,4:55
238,5:20
238,5:40
238,6:25
238,7:50
238,8:50
238,10:05
238,11:30
238,12:05
238,13:05
238,14:30
238,15:40
238,16:58
238,17:45
239,6:10
239,7:05
239,8:45
239,10:00
239,11:15
239,12:20
239,14:05
239,15:00
239,16:25
239,17:25
239,19:00
240,5:10
240,5:55
240,6:45
240,7:05
240,8:35
240,10:00
240,11:10
240,12:50
240,13:35
240,15:15
240,16:05
240,17:45
241,6:20
241,7:30
241,9:20
241,10:30
241,12:30
241,13:50
241,15:30
241,16:35
241,19:50
242,5:50
242,7:45
242,9:00
242,10:35
242,12:10
242,14:00
242,15:10
242,17:00
242,18:05
243,7:35
244,14:50
245,6:25
245,7:25
245,8:25
245,9:25
245,10:25
245,12:25
245,13:25
245,14:25
245,15:25
245,16:25
245,17:25
246,5:30
246,6:25
246,7:25
246,8:25
246,9:25
246,10:25
246,12:25
246,13:25
246,15:25
246,16:25
247,8:00
247,9:40
247,11:20
247,12:45
247,14:00
247,15:35
247,17:35
247,18:40
248,6:40
248,7:30
248,9:20
248,10:30
248,12:45
248,13:50
248,15:45
248,17:15
249,7:30
249,10:10
249,11:45
249,12:35
249,13:30
249,14:00
249,14:45
249,17:15
249,17:40
249,18:40
249,19:30
249,20:45
249,21:30
249,22:10
250,4:30
250,5:30
250,6:45
250,7:10
250,8:15
250,9:00
250,10:00
250,12:00
250,12:20
250,13:05
250,13:35
250,14:50
250,15:20
250,15:55
250,16:45
250,19:10
251,5:58
251,6:59
251,7:58
251,8:58
251,9:58
251,10:58
251,11:58
251,12:58
251,14:12
251,15:13
252,6:24
252,7:20
252,8:30
252,9:30
252,10:30
252,11:30
252,12:30
252,13:40
252,14:40
252,15:45
253,5:25
253,5:45
253,6:55
253,8:35
253,14:15
253,15:20
253,15:50
253,17:00
253,17:45
254,6:10
254,6:45
254,8:00
254,10:20
254,15:05
254,16:00
254,16:30
254,17:40
254,18:25
255,7:55
255,8:50
255,10:10
255,12:00
255,13:20
255,14:40
255,15:40
255,16:50
256,7:30
256,8:20
256,9:20
256,11:10
256,12:40
256,14:00
256,15:10
256,16:10
257,6:15
257,7:35
257,8:10
257,8:45
257,9:20
257,9:45
257,11:10
257,12:15
257,13:03
257,13:25
257,14:07
257,14:25
257,15:07
257,15:15
257,16:15
257,18:30
258,5:10
258,7:05
258,7:13
258,7:20
258,8:20
258,8:50
258,9:10
258,9:55
258,10:15
258,11:45
258,12:50
258,13:30
258,13:45
258,14:30
258,14:50
258,15:50
258,16:50
258,17:20
259,5:08
259,5:45
259,6:30
259,7:06
259,7:58
259,8:30
259,9:03
259,10:05
259,11:00
259,11:58
259,12:38
259,13:00
259,13:25
259,14:08
259,15:12
259,16:07
259,17:20
259,19:08
260,5:33
260,6:05
260,6:47
260,7:30
260,8:03
260,8:58
260,9:30
260,10:02
260,11:02
260,12:00
260,12:55
260,13:36
260,14:00
260,14:20
260,15:10
260,16:17
260,17:07
260,18:18
261,5:10
261,5:55
261,6:10
261,6:30
261,7:10
261,7:35
261,8:10
261,8:55
261,9:25
261,10:15
261,11:00
261,11:30
261,11:50
261,12:30
261,13:10
261,13:55
261,14:20
261,14:50
261,15:20
261,15:50
261,16:20
261,17:15
262,5:55
262,6:38
262,6:50
262,7:10
262,7:45
262,8:20
262,8:50
262,9:35
262,10:15
262,10:50
262,11:35
262,12:20
262,12:50
262,13:20
262,13:50
262,14:30
262,15:00
262,15:20
262,16:00
262,16:35
262,17:15
262,18:00
263,5:50
263,10:20
263,14:35
264,9:22
264,13:22
264,17:32
265,4:30
265,4:56
265,5:18
265,5:35
265,5:51
265,6:37
265,6:50
265,6:56
265,7:10
265,7:27
265,7:51
265,8:03
265,8:27
265,8:40
265,8:53
265,9:22
265,9:51
265,10:03
265,10:14
265,10:37
265,10:51
265,11:14
265,11:47
265,12:17
265,12:27
265,12:36
265,12:44
265,12:58
265,13:33
265,13:43
265,14:03
265,14:13
265,14:24
265,14:55
265,15:11
265,15:23
265,15:32
265,15:46
265,16:01
265,16:26
265,16:40
265,16:51
265,17:11
265,17:33
265,17:55
265,18:35
265,19:36
265,20:20
265,21:47
266,4:04
266,4:30
266,5:09
266,5:25
266,5:52
266,6:11
266,6:24
266,6:44
266,7:01
266,7:25
266,7:37
266,8:01
266,8:14
266,8:27
266,8:56
266,9:25
266,9:37
266,9:48
266,10:11
266,10:48
266,11:21
266,11:51
266,12:10
266,12:32
266,12:46
266,13:17
266,13:37
266,13:47
266,13:58
266,14:29
266,14:45
266,14:57
266,15:20
266,15:35
266,16:00
266,16:14
266,16:25
266,16:45
266,17:07
266,17:29
266,18:09
266,19:10
266,19:54
266,21:21
267,7:10
267,10:10
267,12:10
267,15:15
267,19:10
268,6:00
268,9:15
268,11:15
268,13:55
268,17:50
269,6:30
269,7:00
269,7:30
269,8:00
269,8:30
269,9:00
269,10:00
269,11:00
269,12:00
269,13:00
269,13:30
269,14:00
269,14:30
269,15:00
269,15:30
269,16:00
269,17:00
269,18:00
269,19:10
270,6:20
270,7:00
270,7:30
270,8:00
270,8:30
270,9:00
270,9:30
270,10:30
270,11:30
270,12:30
270,13:30
270,14:00
270,14:30
270,15:00
270,15:30
270,16:00
270,16:30
270,17:30
270,18:30
270,19:40
271,6:30
271,7:00
271,7:15
271,7:30
271,7:45
271,8:00
271,8:15
271,8:30
271,8:45
271,9:00
271,9:15
271,9:30
271,9:45
271,10:00
271,10:15
271,10:30
271,11:00
271,11:30
271,11:45
271,12:00
271,12:30
271,12:45
271,13:00
271,13:15
271,13:30
271,13:45
271,14:00
271,14:30
271,14:45
271,15:00
271,15:15
271,15:30
271,15:45
271,16:00
271,16:30
271,16:45
271,17:00
271,17:30
271,18:00
271,18:30
271,19:00
271,19:30
271,20:00
272,6:00
272,6:30
272,6:45
272,7:00
272,7:15
272,7:30
272,7:45
272,8:00
272,8:15
272,8:30
272,8:45
272,9:00
272,9:15
272,9:30
272,9:45
272,10:00
272,10:30
272,10:45
272,11:00
272,11:30
272,11:45
272,12:00
272,12:30
272,12:45
272,13:00
272,13:15
272,13:30
272,14:00
272,14:15
272,14:30
272,14:45
272,15:00
272,15:15
272,15:30
272,16:00
272,16:15
272,16:30
272,17:00
272,17:30
272,18:00
272,18:30
272,19:00
272,19:30
273,5:40
273,6:50
273,7:10
273,8:12
273,9:20
273,10:20
273,11:20
273,12:10
273,12:40
273,13:10
273,13:40
273,14:10
273,15:10
273,15:35
273,16:15
273,17:15
273,19:00
274,5:05
274,6:10
274,6:20
274,7:00
274,7:30
274,8:00
274,9:10
274,10:15
274,11:10
274,12:10
274,12:50
274,13:20
274,14:20
274,15:15
274,16:10
274,18:10
275,5:50
275,6:15
275,7:00
275,7:30
275,8:10
275,9:04
275,9:30
275,10:04
275,10:52
275,11:16
275,11:52
275,12:44
275,13:12
275,13:54
275,14:50
275,15:18
275,16:00
275,16:58
275,17:28
275,18:25
276,5:10
276,5:30
276,5:50
276,6:15
276,6:40
276,7:10
276,8:04
276,8:28
276,9:04
276,9:52
276,10:16
276,10:52
276,11:45
276,12:12
276,12:54
276,13:50
276,14:20
276,15:00
276,15:56
276,16:28
276,17:10
277,6:55
277,7:55
277,9:45
277,10:35
277,12:25
277,13:25
277,14:15
277,15:25
277,17:35
277,18:15
278,6:15
278,7:05
278,8:08
278,9:35
278,11:35
278,12:10
278,13:30
278,14:35
278,15:55
278,16:45
279,7:20
279,8:20
279,9:20
279,13:20
279,14:20
279,15:20
279,16:20
279,17:20
279,19:20
280,5:13
280,6:13
280,7:13
280,11:13
280,12:13
280,13:13
280,14:13
280,15:13
280,17:13
281,7:20
281,8:20
281,9:20
281,13:20
281,14:20
281,15:20
281,16:20
281,17:20
281,19:20
282,4:35
282,5:35
282,6:35
282,10:35
282,11:35
282,12:35
282,13:35
282,14:35
282,16:35
283,7:15
283,8:45
283,15:05
283,16:10
284,5:05
284,6:05
284,13:05
284,14:00
285,6:50
285,9:30
285,11:55
285,14:00
285,15:35
285,18:20
286,5:35
286,6:30
286,7:55
286,10:45
286,12:50
286,14:45
286,16:45
287,6:20
287,6:40
287,7:00
287,7:20
287,8:00
287,8:20
287,8:40
287,9:00
287,9:20
287,9:40
287,10:00
287,10:20
287,10:40
287,11:00
287,11:20
287,11:40
287,12:00
287,12:20
287,12:40
287,13:00
287,13:20
287,13:40
287,14:00
287,14:20
287,14:40
287,15:00
287,15:20
287,15:40
287,16:00
287,16:20
287,16:40
287,17:00
287,17:20
287,17:40
287,18:00
287,18:20
287,19:30
287,20:20
288,5:15
288,5:40
288,5:55
288,6:15
288,6:35
288,6:55
288,7:15
288,7:35
288,7:55
288,8:15
288,8:35
288,8:55
288,9:15
288,9:35
288,9:55
288,10:15
288,10:35
288,10:55
288,11:15
288,11:35
288,11:55
288,12:15
288,12:35
288,12:55
288,13:15
288,13:35
288,13:55
288,14:15
288,14:35
288,14:55
288,15:15
288,15:35
288,15:55
288,16:15
288,16:35
288,17:05
288,18:15
288,19:05
289,5:48
289,6:18
289,6:23
289,6:38
289,6:53
289,7:08
289,7:58
289,8:33
289,9:13
289,9:23
289,9:38
289,9:58
289,10:13
289,10:28
289,11:08
289,11:38
289,12:18
289,12:38
289,12:48
289,12:53
289,13:13
289,13:28
289,13:38
289,13:48
289,14:03
289,14:08
289,14:28
289,14:38
289,14:58
289,15:06
289,15:13
289,15:28
289,15:33
289,15:48
289,16:03
289,16:33
289,16:58
289,17:06
289,17:28
289,17:48
289,18:20
289,19:18
289,19:38
290,5:18
290,5:50
290,5:57
290,6:05
290,6:08
290,6:45
290,6:55
290,7:05
290,7:10
290,7:29
290,7:35
290,7:50
290,7:58
290,8:07
290,8:10
290,8:24
290,8:40
290,8:54
290,9:02
290,9:10
290,9:30
290,10:15
290,10:35
290,11:13
290,11:27
290,11:40
290,11:57
290,12:22
290,13:02
290,13:27
290,13:45
290,14:33
290,15:02
290,15:13
290,15:32
290,15:42
290,16:07
290,16:27
290,16:37
290,17:15
290,17:27
290,18:15
290,19:07
290,21:07
291,7:15
291,7:50
291,8:40
291,9:16
291,9:40
291,10:28
291,11:04
291,11:28
291,12:16
291,12:58
291,13:26
291,14:22
291,15:04
291,15:32
291,16:28
291,17:10
291,17:40
291,18:45
292,6:50
292,7:20
292,8:05
292,8:41
292,9:05
292,9:53
292,10:29
292,10:53
292,11:41
292,12:23
292,12:51
292,13:47
292,14:29
292,14:57
292,15:53
292,16:35
292,17:05
292,18:10
293,8:05
293,9:00
293,11:25
293,13:00
293,15:35
294,6:25
294,7:45
294,10:15
294,12:00
294,15:00
295,7:10
295,9:25
295,11:30
295,13:25
295,15:45
295,17:15
296,6:20
296,7:55
296,10:10
296,12:10
296,14:05
296,16:25
297,6:00
297,7:00
297,8:00
297,9:00
297,10:00
297,12:00
297,13:00
297,14:10
297,15:10
297,16:10
297,17:30
297,18:30
297,19:45
298,4:50
298,5:30
298,6:30
298,7:30
298,8:30
298,9:30
298,10:30
298,12:30
298,13:30
298,14:40
298,15:40
298,16:40
298,18:00
298,19:00
299,8:20
299,10:10
299,11:15
299,12:20
299,14:00
299,15:20
299,16:35
299,17:55
299,18:55
299,20:05
300,5:20
300,6:30
300,8:00
300,9:05
300,10:30
300,12:00
300,13:15
300,14:30
300,15:30
300,17:00
301,13:00
302,7:28
303,2:20
303,7:50
303,11:45
303,16:15
303,19:45
303,22:50
304,0:18
304,3:28
304,7:13
304,10:58
304,12:53
304,16:58
304,21:32
305,10:10
305,12:00
305,14:15
305,18:00
306,7:14
306,8:54
306,10:44
306,15:04
307,19:22
308,21:10
309,14:58
310,8:10
311,19:22
312,12:20
313,8:05
313,9:45
313,11:00
313,13:30
313,16:45
313,18:30
313,20:15
314,5:20
314,6:50
314,10:00
314,12:00
314,14:00
314,16:00
314,18:20
315,14:15
315,19:15
316,11:20
316,16:50
317,8:15
317,9:15
317,10:15
317,11:15
317,12:15
317,13:15
317,14:15
317,15:15
317,16:15
317,17:15
317,18:15
317,19:15
317,20:15
317,21:15
317,22:15
317,23:15
318,4:33
318,5:33
318,6:33
318,7:33
318,8:33
318,9:33
318,10:33
318,11:33
318,12:33
318,13:33
318,14:33
318,15:33
318,16:33
318,17:33
318,18:33
318,19:33
319,5:52
319,6:50
319,7:42
319,8:32
319,9:20
319,11:50
319,12:45
319,13:55
319,14:48
319,15:53
319,16:55
319,18:00
319,20:00
320,4:00
320,5:02
320,6:00
320,6:38
320,7:38
320,9:25
320,10:57
320,11:45
320,12:45
320,14:05
320,15:10
320,16:20
320,18:15
321,19:22
322,9:35
323,19:22
324,8:50
325,3:40
325,6:55
325,10:40
325,14:40
325,20:40
326,0:30
326,5:40
326,9:45
326,14:10
326,17:45
327,13:00
328,8:05
329,2:20
329,7:50
329,11:45
329,17:50
329,22:50
330,0:25
330,3:35
330,5:15
330,7:20
330,11:10
330,17:10
331,11:10
331,16:10
331,20:20
332,6:35
332,8:35
332,16:15
333,22:30
334,22:30
335,13:15
336,8:00
337,7:50
337,9:50
337,11:50
337,13:50
337,15:30
337,16:30
337,17:30
337,18:30
337,20:30
338,6:30
338,7:30
338,8:30
338,9:30
338,11:30
338,14:00
338,15:30
338,17:00
338,18:30
339,9:45
339,16:00
340,7:25
340,13:35
341,22:30
342,22:20
343,5:30
343,6:00
343,6:30
343,7:00
343,7:30
343,8:00
343,8:30
343,9:00
343,9:30
343,10:00
343,10:30
343,11:00
343,11:30
343,12:00
343,12:30
343,13:00
343,13:30
343,14:00
343,14:30
343,15:00
343,15:30
343,16:00
343,16:30
343,17:00
343,17:30
343,18:00
343,18:30
343,19:00
343,19:30
343,20:00
343,20:30
343,21:00
343,21:30
344,5:30
344,6:00
344,6:30
344,7:00
344,7:30
344,8:00
344,8:30
344,9:00
344,9:30
344,10:00
344,10:30
344,11:00
344,11:30
344,12:00
344,12:30
344,13:00
344,13:30
344,14:00
344,14:30
344,15:00
344,15:30
344,16:00
344,16:30
344,17:00
344,17:30
344,18:00
344,18:30
344,19:00
344,19:30
344,20:00
344,20:30
344,21:00
344,21:30
345,5:12
345,5:47
345,6:20
345,6:40
345,7:05
345,7:17
345,7:26
345,7:47
345,8:09
345,8:21
345,8:34
345,8:50
345,9:09
345,9:35
345,10:16
345,10:43
345,10:59
345,11:19
345,11:39
345,12:04
345,12:26
345,12:40
345,13:05
345,13:32
345,13:47
345,14:00
345,14:20
345,14:42
345,14:52
345,15:03
345,15:17
345,15:47
345,15:58
345,16:08
345,16:29
345,16:45
345,17:08
345,17:22
345,17:34
345,17:55
345,18:20
345,18:51
345,19:25
345,22:26
346,4:04
346,4:30
346,5:09
346,5:25
346,5:52
346,6:11
346,6:24
346,6:44
346,7:01
346,7:25
346,7:37
346,8:01
346,8:14
346,8:27
346,8:56
346,9:25
346,9:37
346,9:48
346,10:11
346,10:48
346,11:21
346,11:51
346,12:10
346,12:32
346,12:46
346,13:17
346,13:37
346,13:47
346,13:58
346,14:29
346,14:45
346,14:57
346,15:20
346,15:35
346,16:00
346,16:14
346,16:25
346,16:45
346,17:07
346,17:29
346,18:09
346,19:10
346,19:54
346,21:21
347,13:10
347,15:20
347,17:50
348,8:26
348,11:26
348,14:08
349,12:55
349,17:00
350,10:04
350,13:39
350,16:39
351,20:15
352,20:15
353,11:10
353,16:10
353,20:20
354,6:15
354,8:15
354,15:55
355,9:45
355,16:00
356,7:54
356,14:04
357,2:20
357,7:50
358,9:50
358,16:05
359,7:00
359,11:00
359,14:45
360,9:50
360,13:50
360,17:50
361,13:10
361,15:20
361,17:50
362,5:00
362,8:00
362,10:42
363,6:45
364,23:07
365,22:30
366,21:00
367,19:22
368,15:00
369,2:20
369,7:50
369,11:45
369,17:50
369,22:50
370,2:40
370,4:20
370,6:25
370,10:15
370,16:10
370,23:30
371,20:15
372,22:50
373,12:05
373,14:00
373,16:00
373,19:05
374,6:20
374,9:20
374,15:40
375,20:15
376,19:15
377,10:00
377,12:30
377,17:20
377,19:30
378,7:00
378,9:42
378,14:12
378,16:42
379,20:15
380,21:25
381,8:45
381,10:20
381,14:00
381,15:45
381,18:55
381,20:20
382,3:50
382,5:30
382,8:40
382,10:30
382,13:25
382,15:10
383,10:00
383,12:30
383,17:20
383,19:30
384,7:35
384,10:15
384,14:45
384,17:15
385,14:15
386,8:40
387,16:20
388,7:00
389,10:10
389,12:00
389,14:15
389,18:00
390,6:40
390,8:20
390,10:10
390,14:30
391,16:10
392,6:20
393,20:15
394,21:50
395,10:30
396,9:10
397,9:30
397,12:35
397,14:20
397,16:25
397,18:20
397,21:30
398,6:38
398,7:38
398,9:38
398,12:38
398,15:28
398,18:43
399,9:00
399,11:00
400,13:40
400,15:40
401,6:45
402,22:50
403,4:48
404,20:39
405,13:10
405,15:20
405,17:50
406,5:55
406,8:55
406,11:37
407,17:00
408,7:45
409,13:10
409,15:20
409,17:50
410,7:00
410,10:00
410,12:42
411,20:15
412,21:35
413,17:00
414,8:45
415,2:20
415,7:50
415,10:20
415,11:45
415,16:15
415,19:45
415,23:30
416,1:30
416,4:40
416,5:10
416,8:30
416,12:20
416,14:20
416,18:20
417,9:30
417,12:35
417,14:20
417,16:25
417,18:20
417,21:30
418,5:36
418,6:36
418,8:36
418,11:36
418,14:26
418,17:41
419,11:10
419,16:10
419,20:20
420,5:20
420,7:20
420,15:00
421,5:52
421,6:50
421,7:42
421,8:32
421,9:20
421,11:50
421,12:45
421,13:55
421,14:48
421,15:53
421,16:55
421,18:00
421,20:00
422,4:10
422,5:12
422,6:10
422,6:48
422,7:48
422,9:35
422,11:07
422,11:55
422,12:55
422,14:15
422,15:20
422,16:30
422,18:25
423,13:10
423,15:20
423,17:50
424,7:46
424,10:46
424,13:28
425,7:00
425,12:00
425,17:45
426,8:02
426,13:07
426,16:57
427,19:22
428,17:30
429,16:20
430,8:42
431,19:22
432,9:05
433,13:00
434,8:56
435,13:00
435,19:00
436,6:35
436,14:35
437,7:00
437,11:00
437,14:45
438,5:40
438,9:50
438,13:50
439,13:00
440,9:26
441,14:15
442,0:18
443,19:22
444,11:50
445,8:05
445,9:45
445,11:00
445,13:30
445,16:45
445,18:30
445,20:15
446,6:40
446,8:10
446,11:20
446,13:20
446,15:20
446,17:20
446,19:40
447,19:22
448,17:00
449,7:00
449,12:00
449,17:45
450,7:50
450,12:55
450,16:45
451,20:15
452,19:50
453,11:10
453,16:10
453,20:20
454,4:25
454,6:25
454,9:25
454,14:05
455,7:15
456,14:00
457,7:00
457,12:00
457,17:45
458,7:35
458,12:40
458,16:30
459,22:30
460,22:45
461,19:22
462,13:10
463,9:45
463,16:00
464,7:42
464,13:52
465,13:15
466,7:30
467,3:40
467,6:55
467,10:40
467,14:40
467,20:40
468,3:50
468,12:20
468,15:50
468,19:00
468,22:40
469,8:10
469,15:40
469,20:50
470,5:50
470,11:40
470,18:35
471,13:00
472,6:30
473,10:00
473,12:30
473,17:20
473,19:30
474,7:24
474,10:04
474,14:34
474,17:04
475,2:35
476,22:00
477,17:45
478,9:25
479,6:00
479,8:20
479,9:30
479,11:35
479,13:15
479,15:05
479,17:00
479,20:15
480,6:45
480,8:45
480,10:30
480,12:15
480,14:05
480,15:55
